TIME,S_MIN,S_MAX,S_MID,S_COUNT,S_VAR,T_MIN,T_MAX,T_MID,T_COUNT,T_VAR,SGR_MIN,SGR_MAX,SGR_MID,SGR_COUNT,SGR_VAR,SO
995,-7.69 ,47.42 ,11.95 ,28,19.33 ,4.78 ,65.18 ,22.35 ,19,16.55 ,0.45 ,0.46 ,0.46 ,2,0.005,0.2339
996,-7.78 ,42.92 ,11.13 ,20,13.54 ,3.79 ,80.46 ,27.10 ,22,21.82 ,0.44 ,0.60 ,0.49 ,34,0.0458,0.1921
997,-6.54 ,41.39 ,7.12 ,30,11.91 ,2.92 ,83.51 ,24.47 ,22,21.40 ,0.45 ,0.57 ,0.49 ,6,0.0402,0
998,-6.79 ,48.93 ,16.34 ,45,14.89 ,3.95 ,81.89 ,21.74 ,22,17.07 ,0.43 ,0.74 ,0.48 ,37,0.0632,0.099
999,-7.45 ,50.08 ,12.42 ,26,21.53 ,3.01 ,77.42 ,24.51 ,16,19.35 ,0.43 ,0.53 ,0.48 ,5,0.0372,0.1255
1000,-10.38 ,48.37 ,11.69 ,26,15.96 ,1.78 ,62.75 ,21.68 ,17,15.82 ,0.42 ,0.66 ,0.48 ,35,0.0619,0.2474
1006,-8.21 ,46.42 ,13.30 ,51,13.38 ,3.39 ,72.61 ,20.32 ,22,17.00 ,0.40 ,0.58 ,0.48 ,14,0.0526,0.1329
1007,-7.11 ,51.63 ,14.44 ,26,22.53 ,6.50 ,74.98 ,22.78 ,21,18.01 ,0.40 ,0.52 ,0.45 ,34,0.0336,0.252
1008,-8.23 ,50.01 ,11.98 ,30,15.95 ,7.51 ,71.96 ,20.78 ,18,14.47 ,0.41 ,0.55 ,0.48 ,10,0.039,0.2492
1011,-6.73 ,50.18 ,15.52 ,26,22.10 ,8.18 ,67.48 ,21.51 ,20,15.62 ,0.39 ,0.52 ,0.45 ,39,0.0374,0.2635
1012,-5.30 ,49.80 ,14.91 ,28,17.03 ,8.55 ,72.50 ,20.73 ,22,16.86 ,0.41 ,0.52 ,0.46 ,11,0.0375,0.2427
1013,-7.77 ,51.01 ,11.56 ,15,16.41 ,8.43 ,69.55 ,22.39 ,19,16.56 ,0.31 ,0.53 ,0.45 ,39,0.0476,0.181
1014,-11.48 ,39.54 ,8.85 ,51,13.27 ,8.27 ,57.99 ,21.26 ,22,12.73 ,0.40 ,0.51 ,0.46 ,10,0.0418,0.1597
1015,-5.47 ,48.30 ,16.11 ,25,20.73 ,8.49 ,53.64 ,21.26 ,21,13.35 ,0.38 ,0.54 ,0.45 ,41,0.0497,0.3096
1016,-4.66 ,48.63 ,16.22 ,24,17.64 ,9.67 ,67.87 ,21.51 ,22,15.58 ,0.36 ,0.51 ,0.46 ,12,0.0433,0.2406
1017,-6.05 ,50.30 ,13.18 ,21,16.06 ,9.70 ,72.44 ,22.58 ,20,17.70 ,0.36 ,0.54 ,0.46 ,43,0.0562,0
1018,-10.94 ,36.58 ,7.79 ,48,12.69 ,9.97 ,68.35 ,18.89 ,20,12.15 ,0.35 ,0.52 ,0.45 ,11,0.0461,0
1019,-5.73 ,47.33 ,15.52 ,25,19.69 ,10.30 ,61.65 ,22.01 ,22,12.96 ,0.37 ,0.54 ,0.46 ,44,0.0547,0.2862
1020,-4.55 ,48.46 ,15.16 ,22,19.09 ,10.47 ,49.00 ,21.81 ,22,12.49 ,0.40 ,0.53 ,0.45 ,11,0.0375,0.2693
1021,-4.60 ,49.46 ,15.90 ,24,16.07 ,11.84 ,61.83 ,20.79 ,20,13.87 ,0.36 ,0.54 ,0.47 ,43,0.0513,0.2423
1022,-7.96 ,31.71 ,7.75 ,45,11.23 ,10.77 ,72.97 ,25.27 ,15,19.16 ,0.39 ,0.54 ,0.45 ,14,0.0419,0.1836
1023,-5.78 ,45.61 ,13.34 ,25,17.51 ,10.55 ,73.36 ,21.63 ,22,16.64 ,0.22 ,0.55 ,0.48 ,43,0.0634,0.1539
1024,-5.63 ,48.36 ,16.30 ,21,20.72 ,11.46 ,62.16 ,21.27 ,23,12.74 ,0.37 ,0.56 ,0.48 ,12,0.0646,0.1519
1025,-5.14 ,48.18 ,12.65 ,26,15.06 ,10.59 ,46.22 ,20.97 ,23,9.97 ,0.38 ,0.56 ,0.49 ,46,0.0582,0.1499
1026,-4.71 ,25.50 ,9.21 ,41,9.03 ,12.08 ,57.69 ,25.01 ,16,13.53 ,0.39 ,0.57 ,0.48 ,15,0.0684,0.1029
1027,-5.83 ,43.16 ,13.12 ,26,15.39 ,10.81 ,69.29 ,22.19 ,23,14.80 ,0.41 ,0.68 ,0.50 ,43,0.0561,0.0875
1028,-7.73 ,47.00 ,13.73 ,23,20.12 ,11.26 ,73.78 ,23.85 ,21,16.96 ,0.42 ,0.56 ,0.50 ,17,0.0595,0.1585
1029,-5.73 ,46.50 ,14.04 ,20,16.02 ,9.07 ,69.76 ,21.72 ,24,14.71 ,0.39 ,0.56 ,0.49 ,38,0.0512,0
1030,-5.99 ,21.86 ,11.44 ,46,7.61 ,10.27 ,53.92 ,22.31 ,21,11.86 ,0.37 ,0.57 ,0.49 ,19,0.0644,0
1031,-6.11 ,40.92 ,14.15 ,25,13.47 ,11.92 ,55.96 ,23.97 ,20,11.72 ,0.35 ,0.55 ,0.49 ,36,0.0532,0
1032,-8.96 ,44.39 ,16.47 ,19,19.41 ,10.39 ,69.92 ,26.87 ,22,16.80 ,0.34 ,0.57 ,0.51 ,21,0.0645,0
1033,-7.42 ,43.63 ,13.81 ,18,15.95 ,10.91 ,72.59 ,23.94 ,24,15.67 ,0.32 ,0.56 ,0.48 ,36,0.0653,0
1036,-8.26 ,41.53 ,17.06 ,19,18.04 ,9.62 ,51.70 ,22.77 ,25,10.88 ,0.41 ,0.58 ,0.52 ,24,0.0641,0.202
1037,-8.66 ,41.26 ,10.59 ,17,14.81 ,10.58 ,67.41 ,26.92 ,22,16.04 ,0.32 ,0.61 ,0.51 ,33,0.0652,0.2262
1038,-5.96 ,28.18 ,18.22 ,47,11.25 ,13.29 ,69.49 ,25.62 ,21,15.39 ,0.41 ,0.65 ,0.54 ,22,0.071,0.1232
1039,-5.42 ,37.45 ,18.09 ,24,10.97 ,10.89 ,67.43 ,24.92 ,20,14.31 ,0.42 ,0.68 ,0.53 ,34,0.0717,0
1040,-4.96 ,39.05 ,17.63 ,20,15.88 ,7.49 ,55.53 ,22.49 ,20,9.95 ,0.42 ,0.72 ,0.55 ,25,0.0725,0.2124
1041,-6.77 ,39.52 ,13.13 ,14,14.77 ,5.98 ,48.53 ,22.18 ,24,11.57 ,0.43 ,0.71 ,0.53 ,32,0.0766,0
1042,-5.41 ,38.79 ,21.06 ,44,15.14 ,8.93 ,65.79 ,25.67 ,24,15.04 ,0.46 ,0.70 ,0.55 ,26,0.0568,0
1043,-4.93 ,34.99 ,18.94 ,28,11.99 ,13.88 ,67.79 ,26.33 ,23,13.88 ,0.46 ,0.72 ,0.54 ,26,0.0711,0.2571
1044,-2.80 ,36.97 ,18.99 ,19,13.55 ,11.00 ,64.49 ,26.92 ,18,13.83 ,0.47 ,0.64 ,0.55 ,32,0.04,0.1918
1045,-4.23 ,37.30 ,11.99 ,15,13.93 ,11.88 ,55.03 ,25.09 ,22,10.45 ,0.48 ,0.67 ,0.54 ,26,0.0405,0.1858
1053,-2.53 ,26.96 ,11.85 ,12,9.61 ,14.03 ,65.28 ,28.87 ,19,13.85 ,0.50 ,0.67 ,0.56 ,28,0.0411,0.0048
1054,-2.60 ,50.37 ,23.77 ,27,16.92 ,13.90 ,64.59 ,26.43 ,22,12.85 ,0.51 ,0.60 ,0.57 ,30,0.0306,0
1055,-3.71 ,52.58 ,24.62 ,41,16.85 ,14.51 ,52.90 ,27.74 ,25,8.84 ,0.43 ,0.60 ,0.53 ,29,0.0381,0
1057,-4.38 ,25.87 ,10.24 ,13,9.60 ,17.21 ,50.73 ,30.02 ,20,9.18 ,0.42 ,0.60 ,0.54 ,27,0.0357,0
1060,-3.56 ,40.80 ,16.77 ,25,13.55 ,14.38 ,57.67 ,28.44 ,24,10.30 ,0.51 ,0.64 ,0.59 ,31,0.0428,0
1061,-3.73 ,28.87 ,11.36 ,10,8.76 ,14.88 ,43.15 ,28.67 ,24,8.66 ,0.50 ,0.64 ,0.54 ,29,0.03,0
1062,-2.95 ,16.72 ,9.46 ,9,7.29 ,19.44 ,55.09 ,32.63 ,19,9.23 ,0.51 ,0.65 ,0.59 ,28,0.0419,0
1063,-1.38 ,52.08 ,32.22 ,47,15.16 ,15.15 ,60.99 ,29.87 ,25,10.52 ,0.50 ,0.63 ,0.54 ,30,0.0288,0
1068,-1.69 ,49.32 ,21.52 ,32,15.79 ,17.15 ,63.13 ,32.64 ,23,11.52 ,0.51 ,0.71 ,0.61 ,29,0.0541,0.0402
1069,-0.58 ,16.68 ,9.26 ,10,7.26 ,18.33 ,67.28 ,32.43 ,24,12.95 ,0.50 ,0.69 ,0.56 ,29,0.0421,0.3853
1070,-1.09 ,22.79 ,11.28 ,9,9.54 ,17.91 ,65.21 ,33.15 ,22,12.00 ,0.50 ,0.69 ,0.60 ,32,0.0544,0.527
1083,0.55 ,51.76 ,36.42 ,31,16.22 ,20.17 ,52.08 ,28.99 ,25,7.56 ,0.44 ,0.64 ,0.52 ,27,0.0797,0.125
1084,1.09 ,54.39 ,34.71 ,30,15.96 ,21.53 ,52.39 ,30.50 ,28,8.55 ,0.44 ,0.63 ,0.55 ,29,0.0686,0.049
1086,4.07 ,27.68 ,14.32 ,13,8.42 ,19.29 ,44.03 ,29.42 ,23,7.12 ,0.44 ,0.68 ,0.54 ,28,0.0781,0.028
1087,2.08 ,51.80 ,38.86 ,27,15.16 ,9.73 ,43.28 ,27.94 ,24,8.56 ,0.42 ,0.64 ,0.52 ,29,0.0925,0.0803
1088,1.27 ,55.37 ,38.80 ,29,14.76 ,16.36 ,44.22 ,29.15 ,24,7.81 ,0.41 ,0.65 ,0.53 ,30,0.0871,0.157
1089,1.99 ,29.98 ,16.00 ,15,9.30 ,20.91 ,44.26 ,28.59 ,24,6.35 ,0.40 ,0.66 ,0.50 ,28,0.0958,0
1090,4.34 ,30.58 ,14.94 ,16,9.78 ,18.68 ,44.40 ,28.72 ,24,7.35 ,0.35 ,0.62 ,0.51 ,27,0.0877,0.0867
1091,4.91 ,52.53 ,39.89 ,22,14.75 ,15.90 ,44.61 ,27.29 ,26,7.64 ,0.38 ,0.61 ,0.49 ,29,0.0908,0.0156
1092,3.71 ,55.29 ,41.14 ,31,13.93 ,18.32 ,44.94 ,28.59 ,23,6.55 ,0.37 ,0.61 ,0.50 ,25,0.076,0.3838
1093,4.16 ,32.07 ,20.56 ,15,9.25 ,7.59 ,45.15 ,28.47 ,24,8.39 ,0.36 ,0.60 ,0.47 ,32,0.0867,0.2316
1094,5.29 ,35.16 ,15.93 ,18,10.33 ,10.93 ,44.90 ,27.87 ,27,7.76 ,0.35 ,0.60 ,0.48 ,26,0.0739,0.2469
1095,6.35 ,52.71 ,38.00 ,15,17.06 ,19.55 ,45.54 ,28.66 ,23,7.07 ,0.36 ,0.59 ,0.46 ,29,0.0791,0.6304
1096,5.84 ,56.32 ,43.59 ,36,13.56 ,14.19 ,46.29 ,27.01 ,26,7.92 ,0.35 ,0.58 ,0.47 ,28,0.0753,0.6935
1097,10.29 ,37.17 ,25.02 ,13,9.22 ,13.37 ,46.63 ,28.02 ,27,8.19 ,0.36 ,0.58 ,0.45 ,33,0.0714,0.6323
1099,6.01 ,36.09 ,16.33 ,13,11.10 ,6.03 ,46.04 ,28.20 ,23,9.02 ,0.29 ,0.56 ,0.45 ,33,0.0649,0.5831
1100,7.97 ,55.67 ,47.65 ,41,11.40 ,8.77 ,45.91 ,28.13 ,22,9.30 ,0.34 ,0.56 ,0.45 ,24,0.0649,0
1101,10.48 ,55.43 ,28.84 ,14,11.73 ,13.73 ,47.34 ,27.24 ,27,8.50 ,0.31 ,0.55 ,0.45 ,34,0.0544,0.139
1102,6.54 ,38.80 ,20.93 ,13,11.88 ,12.72 ,47.50 ,27.30 ,31,8.87 ,0.34 ,0.55 ,0.45 ,23,0.0578,0.0408
1103,5.22 ,35.90 ,14.70 ,15,9.90 ,13.43 ,46.94 ,27.82 ,24,7.97 ,0.34 ,0.54 ,0.45 ,31,0.046,0.5627
1104,8.39 ,57.46 ,49.70 ,39,12.13 ,9.31 ,46.10 ,28.83 ,21,8.90 ,0.34 ,0.54 ,0.44 ,26,0.0523,0.5277
1105,10.22 ,55.21 ,32.19 ,16,13.00 ,5.15 ,45.86 ,27.71 ,25,11.03 ,0.37 ,0.53 ,0.45 ,29,0.0366,0.3302
1108,6.61 ,60.15 ,50.23 ,37,14.87 ,14.56 ,47.44 ,27.54 ,29,9.58 ,0.40 ,0.52 ,0.44 ,25,0.0316,0.6194
1109,10.42 ,57.68 ,39.87 ,17,14.54 ,15.68 ,46.44 ,29.67 ,21,9.87 ,0.38 ,0.52 ,0.45 ,33,0.0338,0.5093
1111,5.77 ,32.68 ,16.50 ,17,9.83 ,7.66 ,45.43 ,28.61 ,26,11.06 ,0.38 ,0.50 ,0.44 ,30,0.0267,0
1112,7.37 ,62.24 ,49.21 ,37,17.47 ,6.22 ,46.31 ,25.67 ,23,12.91 ,0.38 ,0.49 ,0.44 ,25,0.0258,0.3836
1113,10.35 ,59.51 ,43.50 ,20,15.11 ,11.17 ,47.41 ,26.86 ,34,9.58 ,0.36 ,0.49 ,0.43 ,32,0.0261,0.6902
1114,8.52 ,39.79 ,28.74 ,10,10.66 ,13.68 ,47.56 ,28.64 ,27,10.00 ,0.40 ,0.48 ,0.44 ,23,0.0212,0.7542
1115,6.69 ,31.75 ,19.02 ,14,10.25 ,13.40 ,46.83 ,30.03 ,21,10.04 ,0.34 ,0.49 ,0.44 ,31,0.0276,0.7819
1116,7.18 ,64.53 ,45.59 ,40,20.47 ,11.30 ,44.98 ,28.37 ,23,10.37 ,0.40 ,0.49 ,0.44 ,29,0.0227,0.6808
1119,7.51 ,34.31 ,21.63 ,12,11.12 ,12.34 ,47.83 ,27.90 ,36,8.88 ,0.41 ,0.51 ,0.44 ,24,0.0274,0.3515
1120,7.91 ,64.83 ,44.28 ,40,19.87 ,13.92 ,47.54 ,29.39 ,24,9.32 ,0.42 ,0.51 ,0.44 ,29,0.0206,0.5625
1121,10.32 ,60.61 ,48.52 ,23,14.56 ,14.11 ,43.66 ,28.82 ,21,9.12 ,0.41 ,0.52 ,0.44 ,28,0.0261,0.7698
1122,12.61 ,58.26 ,38.55 ,12,16.18 ,14.03 ,46.11 ,31.35 ,24,9.62 ,0.41 ,0.47 ,0.44 ,28,0.0152,0.7304
1123,10.16 ,37.05 ,23.82 ,11,11.79 ,13.26 ,44.83 ,28.63 ,27,9.60 ,0.39 ,0.50 ,0.44 ,28,0.0205,0.7095
1124,9.46 ,63.23 ,45.69 ,39,17.44 ,14.10 ,46.45 ,27.99 ,25,9.71 ,0.37 ,0.46 ,0.42 ,24,0.0198,0.3876
1125,10.04 ,61.10 ,48.83 ,24,14.82 ,16.14 ,42.32 ,29.52 ,34,6.47 ,0.34 ,0.47 ,0.43 ,28,0.0259,0.363
1126,13.38 ,58.33 ,42.31 ,15,17.96 ,16.39 ,46.81 ,29.51 ,24,8.71 ,0.37 ,0.46 ,0.42 ,27,0.0217,0.3416
1129,13.04 ,60.96 ,49.72 ,33,13.80 ,15.82 ,43.96 ,28.93 ,22,8.08 ,0.36 ,0.44 ,0.42 ,31,0.02,0.437
1130,15.67 ,64.77 ,48.00 ,16,16.03 ,14.92 ,42.65 ,29.58 ,36,7.33 ,0.35 ,0.44 ,0.42 ,27,0.0156,0.4469
1131,13.41 ,62.95 ,36.77 ,11,17.82 ,19.32 ,43.73 ,30.22 ,26,7.23 ,0.32 ,0.44 ,0.42 ,28,0.0251,0.4997
1132,14.85 ,56.41 ,34.94 ,13,14.48 ,19.60 ,44.04 ,29.61 ,25,8.13 ,0.40 ,0.45 ,0.43 ,27,0.0126,0.5832
1133,16.44 ,61.93 ,52.41 ,51,12.34 ,18.96 ,44.04 ,29.73 ,23,7.30 ,0.39 ,0.52 ,0.42 ,26,0.0244,0.575
1134,18.38 ,66.23 ,50.09 ,16,14.40 ,16.39 ,43.89 ,29.37 ,25,7.67 ,0.39 ,0.52 ,0.43 ,28,0.0243,0.5362
1135,13.98 ,68.00 ,44.80 ,14,18.26 ,10.89 ,41.57 ,26.26 ,27,8.92 ,0.39 ,0.45 ,0.42 ,28,0.0172,0.4908
1137,21.10 ,61.91 ,53.00 ,51,11.74 ,19.60 ,42.58 ,28.25 ,26,6.99 ,0.39 ,0.45 ,0.42 ,27,0.0165,0.4954
1138,22.87 ,66.43 ,52.96 ,16,12.14 ,18.17 ,41.99 ,28.00 ,24,7.36 ,0.40 ,0.46 ,0.43 ,25,0.0184,0.4201
1139,14.02 ,67.87 ,48.08 ,15,17.75 ,16.55 ,38.56 ,26.57 ,22,6.64 ,0.40 ,0.48 ,0.43 ,30,0.0159,0.4833
1140,18.67 ,66.13 ,41.19 ,13,16.62 ,5.29 ,42.83 ,25.71 ,28,9.33 ,0.41 ,0.48 ,0.44 ,26,0.0211,0.453
1141,23.24 ,62.77 ,53.55 ,51,12.18 ,4.32 ,42.76 ,26.22 ,25,10.37 ,0.41 ,0.49 ,0.43 ,27,0.0171,0.4746
1142,25.35 ,66.29 ,53.91 ,17,10.77 ,15.53 ,41.63 ,30.77 ,39,6.21 ,0.41 ,0.49 ,0.44 ,30,0.0221,0.4947
1143,13.87 ,78.02 ,50.49 ,17,20.07 ,13.50 ,39.50 ,25.46 ,23,6.91 ,0.42 ,0.48 ,0.43 ,23,0.0141,0.3607
1144,17.55 ,77.06 ,46.17 ,13,19.69 ,11.92 ,39.87 ,24.34 ,24,7.05 ,0.41 ,0.47 ,0.43 ,30,0.0154,0.4538
1145,22.32 ,66.02 ,54.81 ,46,12.38 ,5.04 ,41.14 ,23.66 ,24,9.13 ,0.41 ,0.46 ,0.43 ,26,0.0143,0.5
1146,24.96 ,73.29 ,52.39 ,23,12.18 ,3.14 ,41.35 ,22.89 ,29,9.73 ,0.40 ,0.48 ,0.43 ,31,0.0203,0.5312
1147,16.22 ,80.82 ,49.90 ,15,17.79 ,12.26 ,40.12 ,29.77 ,29,8.18 ,0.39 ,0.47 ,0.43 ,24,0.0191,0.5553
1148,17.14 ,84.99 ,48.46 ,14,22.20 ,10.24 ,38.74 ,28.38 ,34,7.65 ,0.36 ,0.45 ,0.42 ,29,0.0225,0.5432
1149,20.67 ,78.93 ,56.36 ,43,13.08 ,9.42 ,38.00 ,23.98 ,25,6.84 ,0.36 ,0.45 ,0.42 ,24,0.0224,0.6007
1150,23.28 ,66.37 ,50.58 ,26,11.41 ,8.01 ,39.07 ,21.69 ,22,8.06 ,0.37 ,0.45 ,0.41 ,32,0.0219,0.6713
1151,25.32 ,76.15 ,51.47 ,15,14.99 ,8.79 ,39.30 ,20.70 ,28,8.55 ,0.37 ,0.44 ,0.42 ,25,0.0199,0.6273
1152,18.56 ,90.08 ,46.39 ,16,22.78 ,10.77 ,38.03 ,24.36 ,25,6.71 ,0.31 ,0.44 ,0.41 ,30,0.0272,0.6154
1153,19.87 ,87.56 ,55.67 ,39,14.72 ,9.07 ,41.92 ,29.05 ,34,9.42 ,0.36 ,0.44 ,0.42 ,23,0.0176,0.6573
1154,22.47 ,66.71 ,52.36 ,31,10.64 ,8.98 ,40.12 ,26.76 ,32,8.71 ,0.36 ,0.45 ,0.41 ,31,0.0208,0.7037
1155,23.44 ,66.65 ,48.12 ,16,12.56 ,10.29 ,36.59 ,21.55 ,24,6.85 ,0.36 ,0.44 ,0.42 ,26,0.017,0.6724
1156,21.25 ,88.46 ,45.20 ,13,19.44 ,11.96 ,37.12 ,20.89 ,28,7.43 ,0.37 ,0.44 ,0.41 ,30,0.0212,0.6314
1157,19.47 ,93.11 ,55.39 ,37,18.31 ,11.91 ,38.30 ,20.81 ,20,6.93 ,0.37 ,0.44 ,0.42 ,23,0.0193,0.5948
1158,22.33 ,71.66 ,53.42 ,35,10.50 ,10.58 ,37.59 ,22.71 ,27,6.21 ,0.35 ,0.44 ,0.41 ,30,0.0275,0.5379
1159,23.35 ,56.74 ,46.29 ,15,11.78 ,8.98 ,42.96 ,28.67 ,42,9.69 ,0.37 ,0.45 ,0.42 ,26,0.0175,0.5833
1160,22.82 ,83.48 ,46.46 ,15,16.86 ,8.34 ,39.78 ,24.35 ,29,8.33 ,0.37 ,0.44 ,0.42 ,28,0.0232,0.5139
1161,20.95 ,89.95 ,47.80 ,15,22.84 ,8.05 ,33.61 ,20.97 ,28,6.32 ,0.37 ,0.44 ,0.42 ,26,0.0184,0.3227
1162,20.07 ,81.47 ,55.68 ,57,11.58 ,9.79 ,38.57 ,20.40 ,19,8.00 ,0.37 ,0.44 ,0.41 ,29,0.0231,0.5473
1163,22.96 ,56.64 ,48.61 ,17,9.79 ,9.67 ,38.60 ,21.73 ,19,6.97 ,0.39 ,0.45 ,0.43 ,26,0.013,0.4661
1164,22.92 ,71.71 ,43.78 ,14,15.73 ,6.87 ,37.14 ,23.24 ,35,8.10 ,0.39 ,0.50 ,0.43 ,25,0.0198,0.4135
1165,22.61 ,78.98 ,48.44 ,15,18.55 ,5.47 ,40.50 ,27.54 ,43,8.84 ,0.42 ,0.50 ,0.44 ,27,0.0176,0.6213
1166,20.87 ,75.98 ,55.16 ,54,11.55 ,4.52 ,32.22 ,21.69 ,27,7.59 ,0.40 ,0.45 ,0.43 ,29,0.0126,0.6566
1167,21.69 ,55.82 ,49.74 ,21,9.19 ,6.91 ,38.06 ,21.69 ,23,8.19 ,0.40 ,0.45 ,0.43 ,27,0.0118,0.6479
1168,24.06 ,53.73 ,46.46 ,13,11.55 ,8.96 ,38.88 ,21.33 ,20,7.85 ,0.41 ,0.46 ,0.43 ,25,0.0126,0.5677
1169,23.01 ,62.94 ,45.30 ,15,14.56 ,7.67 ,38.26 ,21.42 ,20,8.11 ,0.36 ,0.45 ,0.43 ,29,0.0184,0.4465
1170,22.57 ,64.87 ,56.12 ,49,9.14 ,3.95 ,37.47 ,23.62 ,42,8.09 ,0.37 ,0.46 ,0.43 ,27,0.0156,0.3773
1171,21.58 ,60.07 ,49.64 ,27,10.49 ,2.48 ,36.71 ,26.22 ,37,7.72 ,0.39 ,0.47 ,0.43 ,28,0.0163,0.3135
1172,23.10 ,56.25 ,47.43 ,14,11.58 ,3.19 ,39.00 ,23.14 ,27,9.11 ,0.41 ,0.46 ,0.43 ,25,0.0147,0.3158
1173,25.96 ,62.09 ,48.01 ,15,11.65 ,8.50 ,39.99 ,21.60 ,23,9.64 ,0.41 ,0.48 ,0.44 ,30,0.0172,0.2992
1174,22.48 ,63.18 ,55.90 ,44,9.55 ,7.12 ,39.42 ,21.14 ,20,8.19 ,0.41 ,0.46 ,0.44 ,22,0.0135,0.3317
1175,22.72 ,65.74 ,52.85 ,33,8.74 ,3.16 ,38.94 ,20.49 ,21,9.92 ,0.42 ,0.48 ,0.44 ,29,0.0165,0.3735
1176,22.94 ,62.34 ,48.52 ,15,12.75 ,1.89 ,40.52 ,24.35 ,42,7.58 ,0.41 ,0.47 ,0.44 ,28,0.0151,0.3376
1177,26.14 ,63.51 ,45.42 ,14,13.74 ,2.89 ,42.60 ,24.90 ,44,7.86 ,0.40 ,0.49 ,0.44 ,27,0.0195,0.2903
1178,26.10 ,67.68 ,57.35 ,39,7.91 ,7.68 ,44.31 ,23.09 ,23,11.37 ,0.39 ,0.49 ,0.44 ,28,0.0234,0.2896
1179,23.13 ,68.12 ,53.77 ,39,9.62 ,6.49 ,42.74 ,21.05 ,19,9.89 ,0.37 ,0.49 ,0.44 ,28,0.0274,0.2687
1181,29.17 ,61.69 ,49.31 ,13,11.50 ,1.80 ,42.71 ,22.93 ,31,9.95 ,0.35 ,0.48 ,0.43 ,24,0.0285,0.3065
1182,30.59 ,70.47 ,56.84 ,33,8.98 ,2.53 ,45.40 ,23.87 ,39,8.93 ,0.37 ,0.47 ,0.42 ,27,0.0239,0.3401
1183,25.33 ,69.26 ,55.16 ,45,8.52 ,4.22 ,46.81 ,23.11 ,39,9.37 ,0.35 ,0.45 ,0.42 ,28,0.0251,0
1184,26.50 ,66.60 ,55.00 ,17,10.44 ,5.82 ,43.92 ,20.93 ,23,11.07 ,0.31 ,0.44 ,0.41 ,32,0.0275,0.178
1185,31.59 ,62.85 ,52.60 ,16,9.49 ,3.88 ,40.92 ,20.83 ,19,10.35 ,0.34 ,0.43 ,0.41 ,28,0.0248,0
1186,30.01 ,70.55 ,51.55 ,15,11.70 ,2.57 ,41.31 ,24.78 ,21,10.55 ,0.31 ,0.43 ,0.41 ,31,0.0296,0.3572
1187,32.94 ,72.09 ,57.10 ,54,6.49 ,2.35 ,44.06 ,24.04 ,42,11.03 ,0.32 ,0.43 ,0.41 ,30,0.0241,0.269
1188,30.60 ,62.40 ,54.30 ,25,9.11 ,3.44 ,45.49 ,20.56 ,29,9.58 ,0.36 ,0.45 ,0.41 ,35,0.0169,0.2547
1189,34.98 ,60.43 ,53.32 ,17,7.72 ,4.07 ,44.90 ,20.84 ,39,9.30 ,0.35 ,0.44 ,0.41 ,30,0.0184,0.225
1190,31.84 ,70.22 ,51.79 ,15,10.09 ,3.98 ,39.41 ,20.76 ,21,10.84 ,0.38 ,0.50 ,0.41 ,39,0.0186,0.2372
1191,36.54 ,72.82 ,57.50 ,48,6.55 ,3.53 ,41.05 ,23.68 ,19,9.89 ,0.36 ,0.43 ,0.41 ,33,0.0206,0.1591
1192,37.42 ,67.88 ,55.52 ,33,6.45 ,4.24 ,45.20 ,25.65 ,33,13.12 ,0.37 ,0.42 ,0.40 ,39,0.0117,0.2117
1193,37.21 ,61.01 ,53.67 ,16,7.69 ,4.25 ,40.62 ,21.92 ,34,8.70 ,0.34 ,0.42 ,0.40 ,36,0.0231,0.1852
1194,45.30 ,66.49 ,52.39 ,16,6.06 ,4.89 ,40.54 ,21.06 ,28,8.42 ,0.34 ,0.42 ,0.39 ,42,0.0193,0.1953
1195,33.77 ,73.51 ,56.68 ,44,8.56 ,5.60 ,38.92 ,19.35 ,41,8.72 ,0.32 ,0.42 ,0.39 ,37,0.0241,0.2259
1196,39.26 ,73.97 ,55.66 ,36,6.99 ,6.26 ,44.63 ,24.03 ,21,10.01 ,0.35 ,0.42 ,0.39 ,47,0.0178,0.138
1197,41.10 ,61.92 ,54.34 ,19,6.89 ,8.05 ,46.31 ,27.23 ,29,11.60 ,0.35 ,0.41 ,0.39 ,45,0.0199,0.1254
1198,42.27 ,62.22 ,52.66 ,15,6.13 ,9.10 ,41.17 ,22.51 ,31,8.73 ,0.36 ,0.47 ,0.39 ,46,0.0221,0.1023
1199,31.95 ,73.09 ,55.47 ,40,8.40 ,9.11 ,34.49 ,21.14 ,28,6.78 ,0.36 ,0.50 ,0.39 ,51,0.0276,0.2774
1200,35.32 ,73.86 ,54.69 ,38,7.94 ,8.41 ,34.65 ,23.19 ,30,6.97 ,0.35 ,0.45 ,0.39 ,55,0.0198,0.2192
1204,30.43 ,70.75 ,51.97 ,36,9.10 ,11.60 ,35.39 ,23.34 ,34,6.12 ,0.24 ,0.41 ,0.35 ,66,0.0398,0.1812
1205,33.75 ,64.70 ,51.76 ,31,7.23 ,11.37 ,35.29 ,23.51 ,28,6.46 ,0.24 ,0.41 ,0.36 ,75,0.0321,0.2574
1206,36.26 ,57.93 ,50.49 ,16,7.63 ,12.00 ,42.30 ,24.99 ,33,7.95 ,0.32 ,0.41 ,0.36 ,82,0.0246,0.1767
1207,35.70 ,62.74 ,51.31 ,24,6.87 ,13.97 ,42.39 ,24.54 ,37,8.72 ,0.32 ,0.41 ,0.36 ,86,0.0238,0.2309
1208,28.47 ,68.25 ,50.22 ,41,7.32 ,12.78 ,44.56 ,26.65 ,28,8.64 ,0.29 ,0.43 ,0.37 ,88,0.0297,0.2324
1209,30.64 ,60.33 ,48.60 ,34,8.08 ,12.11 ,43.58 ,25.84 ,24,8.50 ,0.32 ,0.46 ,0.37 ,93,0.0317,0.2734
1210,31.89 ,56.53 ,47.54 ,17,8.65 ,13.32 ,46.74 ,25.51 ,31,8.54 ,0.34 ,0.52 ,0.37 ,86,0.0301,0.1545
1211,37.74 ,55.85 ,45.61 ,16,6.53 ,13.95 ,49.06 ,28.46 ,27,10.69 ,0.34 ,0.45 ,0.37 ,93,0.0215,0.1813
1212,40.30 ,64.48 ,48.27 ,43,5.79 ,14.12 ,52.97 ,26.74 ,36,9.34 ,0.35 ,0.43 ,0.37 ,93,0.0172,0.1587
1213,24.87 ,62.82 ,45.31 ,36,8.48 ,14.75 ,57.19 ,27.44 ,39,9.88 ,0.34 ,0.43 ,0.36 ,92,0.0196,0.1489
1215,31.18 ,53.69 ,42.90 ,15,6.71 ,13.61 ,63.93 ,29.56 ,32,12.73 ,0.32 ,0.42 ,0.36 ,94,0.0248,0.1521
1216,32.37 ,57.34 ,44.91 ,40,6.42 ,13.44 ,68.37 ,30.36 ,29,14.71 ,0.26 ,0.41 ,0.35 ,99,0.027,0.1758
1217,33.42 ,59.15 ,43.36 ,32,7.02 ,14.33 ,69.73 ,29.10 ,34,12.85 ,0.27 ,0.39 ,0.35 ,100,0.027,0.19
1218,24.34 ,53.42 ,41.57 ,31,8.42 ,15.42 ,74.30 ,31.80 ,34,13.51 ,0.29 ,0.39 ,0.35 ,100,0.0235,0.2162
1219,28.03 ,50.18 ,38.43 ,17,7.61 ,14.86 ,78.20 ,31.52 ,31,15.69 ,0.31 ,0.39 ,0.35 ,105,0.0236,0.2189
1220,27.89 ,53.94 ,42.37 ,36,7.75 ,12.65 ,81.09 ,35.46 ,22,20.53 ,0.30 ,0.42 ,0.35 ,101,0.0237,0.1926
1221,26.19 ,48.80 ,40.70 ,31,7.21 ,12.12 ,85.11 ,33.49 ,35,17.11 ,0.31 ,0.39 ,0.35 ,101,0.0214,0.1607
1222,31.70 ,49.16 ,40.30 ,32,6.06 ,12.33 ,87.14 ,32.06 ,32,16.40 ,0.28 ,0.39 ,0.35 ,102,0.0196,0.1592
1223,24.09 ,48.37 ,36.38 ,22,8.30 ,15.23 ,87.55 ,34.48 ,33,18.36 ,0.21 ,0.39 ,0.34 ,111,0.0213,0.1508
1226,29.93 ,53.42 ,38.83 ,31,6.74 ,13.23 ,96.45 ,38.18 ,30,21.53 ,0.25 ,0.39 ,0.34 ,109,0.0272,0.1693
1227,21.71 ,47.89 ,36.37 ,23,7.97 ,13.14 ,101.19 ,37.73 ,37,22.08 ,0.28 ,0.39 ,0.34 ,111,0.0227,0.149
1228,24.11 ,49.64 ,36.29 ,26,7.54 ,14.51 ,81.07 ,34.44 ,29,17.76 ,0.31 ,0.39 ,0.35 ,111,0.0181,0.1655
1229,25.50 ,57.17 ,39.63 ,40,9.73 ,16.30 ,105.60 ,40.88 ,27,25.47 ,0.32 ,0.39 ,0.35 ,115,0.0163,0.189
1230,27.58 ,59.33 ,40.01 ,28,9.06 ,16.90 ,105.57 ,43.29 ,27,25.42 ,0.33 ,0.40 ,0.36 ,114,0.0158,0.1563
1231,29.40 ,51.85 ,37.63 ,27,7.00 ,15.36 ,101.16 ,37.96 ,33,24.19 ,0.33 ,0.39 ,0.36 ,116,0.016,0.1621
1232,20.95 ,48.59 ,33.39 ,21,8.63 ,16.54 ,108.45 ,40.54 ,40,22.92 ,0.33 ,0.40 ,0.36 ,114,0.0153,0.1763
1233,23.01 ,58.32 ,39.76 ,44,9.13 ,16.58 ,85.04 ,35.27 ,32,18.13 ,0.34 ,0.44 ,0.36 ,119,0.0193,0.2033
1234,21.74 ,58.25 ,37.69 ,27,10.26 ,17.29 ,110.55 ,42.63 ,28,25.94 ,0.34 ,0.40 ,0.36 ,120,0.0155,0.22
1235,29.39 ,55.09 ,38.07 ,35,6.46 ,18.08 ,107.37 ,44.74 ,25,27.73 ,0.33 ,0.39 ,0.36 ,124,0.0148,0.1868
1236,25.14 ,52.69 ,40.14 ,15,7.88 ,11.37 ,103.78 ,40.32 ,33,25.01 ,0.33 ,0.45 ,0.36 ,120,0.0179,0.2313
1237,21.60 ,59.09 ,38.45 ,44,10.89 ,16.44 ,108.75 ,39.52 ,41,23.72 ,0.30 ,0.42 ,0.36 ,120,0.0182,0.2041
1238,15.67 ,55.54 ,35.95 ,31,12.03 ,14.89 ,108.03 ,37.95 ,36,23.45 ,0.31 ,0.40 ,0.36 ,129,0.0173,0.2569
1239,23.26 ,55.13 ,38.49 ,29,7.78 ,21.34 ,90.60 ,38.56 ,23,19.17 ,0.33 ,0.42 ,0.36 ,122,0.0223,0.2064
1240,24.43 ,52.04 ,39.66 ,24,7.30 ,19.08 ,103.43 ,41.74 ,28,25.81 ,0.33 ,0.41 ,0.36 ,129,0.0206,0.1937
1241,18.96 ,61.78 ,44.03 ,32,9.32 ,20.20 ,101.08 ,42.95 ,27,24.91 ,0.32 ,0.41 ,0.36 ,122,0.0204,0.2013
1242,19.18 ,60.21 ,36.66 ,38,13.16 ,10.95 ,102.25 ,36.51 ,45,22.37 ,0.32 ,0.39 ,0.36 ,125,0.0195,0.2548
1243,12.20 ,56.07 ,34.36 ,29,13.61 ,13.50 ,99.64 ,37.52 ,37,22.94 ,0.32 ,0.39 ,0.36 ,129,0.02,0.252
1244,25.30 ,53.52 ,40.92 ,31,7.61 ,20.05 ,91.65 ,35.21 ,26,18.07 ,0.32 ,0.39 ,0.36 ,127,0.0215,0.2576
1245,22.01 ,55.23 ,45.78 ,22,8.77 ,20.74 ,95.54 ,38.08 ,27,21.00 ,0.32 ,0.39 ,0.36 ,137,0.0215,0.2669
1246,19.91 ,64.38 ,44.92 ,37,13.25 ,20.53 ,93.45 ,39.37 ,26,23.20 ,0.32 ,0.40 ,0.36 ,129,0.0218,0.192
1247,10.98 ,60.94 ,34.59 ,32,13.94 ,15.68 ,91.81 ,39.86 ,33,20.79 ,0.32 ,0.41 ,0.36 ,132,0.0223,0.2024
1248,9.84 ,58.75 ,39.10 ,33,14.42 ,10.75 ,88.84 ,31.98 ,49,19.15 ,0.33 ,0.39 ,0.36 ,131,0.022,0.1268
1249,26.58 ,60.50 ,42.43 ,18,10.26 ,14.72 ,83.26 ,32.37 ,29,18.73 ,0.32 ,0.39 ,0.36 ,130,0.0233,0.2703
1253,22.22 ,61.28 ,44.15 ,30,10.74 ,14.73 ,79.77 ,36.94 ,30,18.16 ,0.32 ,0.40 ,0.36 ,131,0.0266,0.3477
1254,26.49 ,66.30 ,49.16 ,33,11.95 ,9.84 ,78.38 ,27.69 ,49,17.53 ,0.31 ,0.40 ,0.36 ,131,0.0279,0.3306
1255,25.03 ,73.16 ,48.84 ,25,16.30 ,10.11 ,67.63 ,28.69 ,27,16.06 ,0.31 ,0.40 ,0.36 ,124,0.0273,0.3178
1256,23.38 ,67.99 ,41.68 ,35,12.48 ,10.69 ,75.52 ,31.03 ,29,16.06 ,0.32 ,0.41 ,0.36 ,131,0.0267,0.2671
1257,11.13 ,67.11 ,39.63 ,40,16.16 ,12.50 ,73.44 ,33.79 ,34,16.34 ,0.31 ,0.40 ,0.36 ,132,0.0262,0.3144
1258,26.44 ,65.83 ,49.81 ,31,12.56 ,18.64 ,73.21 ,36.36 ,25,17.43 ,0.31 ,0.40 ,0.36 ,131,0.0256,0.2613
1259,24.80 ,78.54 ,49.31 ,25,18.21 ,11.17 ,72.45 ,32.88 ,33,16.80 ,0.29 ,0.40 ,0.36 ,131,0.0279,0.1983
1260,26.91 ,76.63 ,50.89 ,21,14.80 ,7.85 ,66.66 ,23.79 ,48,15.54 ,0.28 ,0.40 ,0.36 ,128,0.0307,0.2593
1262,22.98 ,67.20 ,44.55 ,35,12.78 ,15.17 ,67.47 ,31.88 ,37,14.37 ,0.31 ,0.40 ,0.37 ,127,0.0253,0.2483
1263,23.82 ,78.87 ,51.37 ,35,14.69 ,4.89 ,67.85 ,35.16 ,24,16.80 ,0.31 ,0.40 ,0.37 ,129,0.026,0.1599
1265,32.40 ,75.72 ,50.96 ,21,14.54 ,6.95 ,64.30 ,24.39 ,40,17.07 ,0.31 ,0.41 ,0.37 ,122,0.0286,0.2892
1266,20.06 ,71.56 ,39.63 ,54,11.75 ,10.43 ,53.01 ,21.34 ,41,10.92 ,0.31 ,0.42 ,0.37 ,125,0.0288,0.2725
1267,27.02 ,77.87 ,53.95 ,39,13.08 ,8.89 ,60.94 ,27.03 ,36,14.24 ,0.31 ,0.42 ,0.37 ,125,0.0293,0.2606
1268,31.66 ,93.45 ,57.28 ,23,19.54 ,9.58 ,60.89 ,32.58 ,25,14.85 ,0.30 ,0.42 ,0.37 ,128,0.0306,0.2435
1269,32.58 ,88.97 ,54.36 ,20,16.88 ,4.64 ,59.76 ,29.58 ,26,15.52 ,0.30 ,0.41 ,0.37 ,126,0.0305,0.2883
1270,33.76 ,73.91 ,45.94 ,29,12.87 ,3.20 ,57.54 ,27.13 ,28,15.69 ,0.30 ,0.41 ,0.37 ,123,0.0308,0.2075
1271,25.96 ,77.86 ,48.37 ,62,13.41 ,4.53 ,53.57 ,20.72 ,41,11.52 ,0.30 ,0.41 ,0.37 ,126,0.0326,0.2324
1272,37.40 ,96.30 ,60.56 ,25,17.45 ,9.80 ,52.87 ,23.09 ,48,11.24 ,0.30 ,0.41 ,0.37 ,124,0.0342,0.2578
1273,33.94 ,97.37 ,58.11 ,21,18.39 ,9.16 ,51.70 ,24.77 ,29,13.84 ,0.30 ,0.41 ,0.37 ,125,0.0368,0.2457
1274,33.93 ,79.05 ,52.51 ,18,13.83 ,8.87 ,50.52 ,29.48 ,24,12.04 ,0.30 ,0.42 ,0.36 ,122,0.0377,0.1686
1275,33.21 ,72.32 ,47.66 ,63,11.44 ,5.47 ,49.08 ,27.13 ,26,13.50 ,0.30 ,0.41 ,0.36 ,122,0.0368,0.291
1276,39.82 ,84.53 ,60.71 ,35,13.27 ,2.93 ,46.64 ,22.23 ,43,11.28 ,0.30 ,0.41 ,0.36 ,124,0.0368,0.3156
1277,37.93 ,92.71 ,61.65 ,21,17.65 ,6.41 ,43.24 ,22.05 ,41,8.98 ,0.30 ,0.41 ,0.36 ,119,0.0349,0.3065
1278,36.02 ,84.96 ,57.56 ,20,12.84 ,3.38 ,46.06 ,21.18 ,35,11.05 ,0.28 ,0.41 ,0.36 ,122,0.0353,0.2648
1279,37.14 ,76.51 ,55.90 ,19,11.59 ,7.19 ,46.75 ,23.67 ,28,12.29 ,0.30 ,0.41 ,0.36 ,114,0.0338,0.2647
1281,40.26 ,78.99 ,60.11 ,29,12.46 ,9.18 ,44.91 ,24.36 ,30,10.15 ,0.27 ,0.41 ,0.36 ,111,0.036,0.1286
1282,34.31 ,79.10 ,58.16 ,21,12.43 ,4.25 ,43.35 ,22.07 ,45,9.05 ,0.30 ,0.41 ,0.36 ,121,0.0349,0.2087
1283,39.53 ,70.54 ,59.15 ,16,8.09 ,1.88 ,41.34 ,23.05 ,29,10.02 ,0.30 ,0.41 ,0.36 ,119,0.0355,0.243
1284,27.14 ,80.92 ,53.97 ,59,13.32 ,2.23 ,45.63 ,20.25 ,37,12.00 ,0.30 ,0.41 ,0.36 ,115,0.0348,0.3068
1285,34.20 ,81.79 ,58.24 ,38,13.70 ,3.19 ,48.45 ,21.27 ,32,12.96 ,0.29 ,0.41 ,0.35 ,116,0.0344,0.2675
1286,38.28 ,71.72 ,57.61 ,22,10.98 ,5.84 ,49.83 ,24.69 ,30,12.16 ,0.30 ,0.41 ,0.35 ,116,0.034,0.3091
1287,28.00 ,68.54 ,55.86 ,23,12.07 ,1.97 ,48.06 ,21.32 ,42,9.40 ,0.30 ,0.41 ,0.36 ,115,0.0337,0.2742
1288,25.08 ,85.66 ,57.59 ,36,12.05 ,2.10 ,46.81 ,21.45 ,34,10.72 ,0.30 ,0.40 ,0.35 ,113,0.0328,0.2841
1289,23.03 ,87.88 ,51.35 ,54,16.61 ,1.50 ,43.81 ,21.30 ,33,12.24 ,0.30 ,0.40 ,0.35 ,105,0.0322,0.2795
1290,38.82 ,80.32 ,59.29 ,28,13.33 ,4.94 ,45.76 ,18.45 ,34,12.20 ,0.30 ,0.40 ,0.35 ,115,0.0331,0.2922
1292,23.18 ,85.85 ,57.12 ,22,15.25 ,3.15 ,51.37 ,21.01 ,39,12.29 ,0.30 ,0.41 ,0.36 ,110,0.0327,0.2345
1293,19.75 ,88.01 ,53.88 ,49,15.81 ,2.79 ,47.80 ,17.07 ,34,9.42 ,0.30 ,0.41 ,0.36 ,111,0.032,0.2733
1294,24.67 ,83.50 ,51.18 ,45,16.79 ,2.81 ,45.52 ,20.66 ,32,12.07 ,0.30 ,0.40 ,0.36 ,93,0.0328,0.2615
1295,35.70 ,79.93 ,56.71 ,24,13.83 ,2.38 ,43.19 ,21.13 ,33,12.59 ,0.30 ,0.40 ,0.35 ,110,0.0308,0.2619
1296,31.82 ,87.68 ,59.67 ,21,14.73 ,0.75 ,47.54 ,19.93 ,37,14.41 ,0.30 ,0.40 ,0.36 ,111,0.0306,0.227
1297,16.10 ,89.80 ,57.91 ,47,14.24 ,1.52 ,49.47 ,16.64 ,33,14.17 ,0.30 ,0.40 ,0.36 ,103,0.0291,0.1865
1299,25.59 ,81.88 ,52.87 ,32,17.27 ,0.91 ,42.19 ,16.81 ,31,10.91 ,0.27 ,0.40 ,0.35 ,106,0.0311,0.2402
1300,38.31 ,88.29 ,58.72 ,22,15.04 ,0.99 ,47.96 ,18.84 ,32,13.16 ,0.30 ,0.40 ,0.35 ,109,0.0302,0.3068
1301,25.19 ,91.22 ,61.71 ,40,14.14 ,1.91 ,51.49 ,21.33 ,41,13.99 ,0.30 ,0.40 ,0.35 ,105,0.0308,0.2531
1302,7.35 ,81.68 ,55.02 ,35,16.78 ,1.54 ,43.89 ,13.80 ,30,11.23 ,0.30 ,0.43 ,0.35 ,104,0.0307,0.2413
1303,5.68 ,84.00 ,48.93 ,41,17.88 ,1.05 ,43.51 ,12.89 ,41,9.65 ,0.30 ,0.40 ,0.36 ,102,0.0274,0.2246
1304,11.99 ,90.75 ,58.36 ,28,18.56 ,1.18 ,39.34 ,13.58 ,37,10.97 ,0.30 ,0.40 ,0.36 ,105,0.0279,0.2738
1305,31.54 ,90.97 ,61.07 ,29,15.37 ,2.20 ,53.71 ,19.82 ,32,14.03 ,0.30 ,0.40 ,0.36 ,102,0.0284,0.2628
1306,19.30 ,88.21 ,61.17 ,43,14.16 ,2.03 ,51.15 ,19.71 ,38,12.01 ,0.30 ,0.39 ,0.34 ,75,0.026,0.304
1307,7.73 ,92.46 ,55.14 ,33,19.32 ,1.01 ,33.83 ,15.02 ,28,9.56 ,0.30 ,0.39 ,0.34 ,67,0.0282,0.2788
1308,8.03 ,92.53 ,53.31 ,35,19.76 ,0.61 ,47.49 ,13.77 ,37,11.82 ,0.30 ,0.39 ,0.35 ,57,0.0293,0.2775
1310,24.19 ,88.50 ,62.99 ,46,13.92 ,0.46 ,55.89 ,16.90 ,34,14.11 ,0.29 ,0.39 ,0.35 ,40,0.0327,0.2428
1311,19.44 ,97.52 ,59.15 ,32,18.84 ,4.22 ,52.79 ,16.45 ,38,9.92 ,0.28 ,0.39 ,0.35 ,24,0.0336,0.2468
1312,16.36 ,98.91 ,60.90 ,34,17.51 ,3.36 ,49.85 ,16.25 ,29,11.76 ,0.28 ,0.39 ,0.36 ,34,0.0228,0.2018
1313,15.68 ,96.06 ,55.31 ,28,19.88 ,1.62 ,55.56 ,17.17 ,26,12.40 ,0.28 ,0.38 ,0.35 ,28,0.0216,0.1573
1314,20.66 ,88.28 ,61.03 ,47,17.33 ,1.49 ,61.37 ,13.95 ,44,12.41 ,0.27 ,0.38 ,0.33 ,35,0.0298,0.2137
1315,21.88 ,95.30 ,59.59 ,32,17.85 ,1.65 ,61.68 ,15.03 ,41,12.65 ,0.28 ,0.38 ,0.34 ,27,0.0319,0.2655
1316,20.42 ,100.74 ,61.22 ,31,20.49 ,5.72 ,58.73 ,16.16 ,44,11.36 ,0.27 ,0.38 ,0.35 ,36,0.0247,0.3082
1317,26.48 ,99.34 ,63.44 ,31,15.62 ,7.22 ,53.61 ,16.00 ,24,9.67 ,0.27 ,0.37 ,0.34 ,27,0.0226,0.2267
1319,29.96 ,86.38 ,58.41 ,41,15.18 ,2.53 ,54.57 ,15.86 ,43,12.73 ,0.27 ,0.37 ,0.32 ,27,0.0313,0.2455
1320,23.66 ,97.62 ,60.90 ,34,21.01 ,2.28 ,50.31 ,14.91 ,43,9.83 ,0.27 ,0.37 ,0.34 ,38,0.0251,0.1401
1321,23.35 ,96.59 ,61.05 ,31,17.96 ,2.03 ,48.63 ,14.70 ,38,9.33 ,0.23 ,0.36 ,0.33 ,29,0.0276,0.317
1322,33.06 ,94.38 ,62.33 ,29,14.81 ,2.26 ,47.67 ,16.90 ,30,10.54 ,0.26 ,0.36 ,0.32 ,27,0.0301,0.2579
1323,36.47 ,91.88 ,60.11 ,49,14.64 ,6.13 ,47.44 ,19.30 ,28,12.24 ,0.24 ,0.36 ,0.32 ,25,0.0285,0.2361
1324,32.43 ,90.97 ,57.81 ,34,17.78 ,4.35 ,43.25 ,15.45 ,43,9.88 ,0.27 ,0.36 ,0.34 ,35,0.0228,0.2895
1325,27.85 ,91.82 ,59.81 ,30,17.29 ,1.89 ,39.86 ,14.75 ,44,7.41 ,0.28 ,0.36 ,0.33 ,27,0.0183,0.1764
1326,26.92 ,88.57 ,63.32 ,31,18.13 ,2.94 ,39.58 ,14.80 ,33,9.79 ,0.27 ,0.36 ,0.31 ,29,0.027,0.2964
1327,31.64 ,90.69 ,58.40 ,48,13.24 ,5.24 ,40.45 ,18.16 ,34,10.72 ,0.31 ,0.36 ,0.34 ,24,0.0176,0.2428
1331,29.44 ,92.47 ,58.49 ,41,16.22 ,4.26 ,40.77 ,15.66 ,33,9.34 ,0.27 ,0.35 ,0.33 ,22,0.0187,0.2227
1332,31.70 ,92.18 ,57.12 ,46,15.32 ,4.32 ,37.26 ,15.79 ,28,9.72 ,0.29 ,0.35 ,0.33 ,31,0.014,0.221
1333,33.89 ,78.90 ,52.13 ,32,11.97 ,4.85 ,41.91 ,16.59 ,32,9.76 ,0.29 ,0.34 ,0.32 ,31,0.012,0.2611
1334,29.50 ,76.90 ,52.09 ,30,13.53 ,3.77 ,41.29 ,15.19 ,41,8.64 ,0.27 ,0.35 ,0.32 ,23,0.0201,0.2613
1335,31.27 ,88.05 ,58.65 ,27,17.03 ,3.33 ,39.28 ,16.03 ,51,6.62 ,0.28 ,0.35 ,0.32 ,24,0.0149,0.2769
1336,29.05 ,92.71 ,56.11 ,53,14.86 ,5.46 ,36.63 ,16.34 ,31,8.66 ,0.27 ,0.35 ,0.33 ,32,0.0138,0.2009
1337,25.62 ,83.82 ,52.00 ,39,13.81 ,6.65 ,39.58 ,16.39 ,32,8.70 ,0.25 ,0.35 ,0.32 ,26,0.0166,0.1851
1338,28.73 ,70.06 ,48.36 ,26,12.03 ,5.70 ,29.85 ,14.42 ,32,7.44 ,0.27 ,0.35 ,0.32 ,20,0.0194,0.1877
1339,29.75 ,85.79 ,50.83 ,29,15.88 ,4.77 ,41.53 ,15.38 ,33,8.64 ,0.25 ,0.35 ,0.33 ,29,0.0203,0.1315
1340,26.62 ,87.01 ,53.53 ,47,14.44 ,3.62 ,41.44 ,16.17 ,54,7.09 ,0.29 ,0.35 ,0.33 ,31,0.0127,0.1192
1341,22.59 ,78.54 ,54.41 ,41,13.96 ,5.36 ,40.06 ,16.79 ,37,8.11 ,0.31 ,0.35 ,0.33 ,21,0.0105,0.253
1342,20.13 ,77.61 ,45.74 ,32,13.25 ,5.76 ,37.36 ,18.04 ,28,8.15 ,0.30 ,0.36 ,0.33 ,19,0.016,0.2538
1343,15.74 ,77.73 ,45.44 ,29,16.74 ,7.56 ,38.84 ,16.30 ,31,8.14 ,0.32 ,0.36 ,0.34 ,30,0.0092,0.2381
1344,25.26 ,88.54 ,51.43 ,32,18.07 ,8.18 ,41.25 ,16.64 ,40,8.24 ,0.31 ,0.36 ,0.33 ,33,0.0099,0.2339
1345,23.24 ,76.45 ,50.69 ,49,11.49 ,7.48 ,38.20 ,17.15 ,49,7.47 ,0.31 ,0.36 ,0.33 ,19,0.0102,0
1346,21.74 ,81.56 ,46.47 ,36,13.16 ,7.77 ,41.73 ,18.43 ,34,8.53 ,0.32 ,0.36 ,0.33 ,15,0.0134,0.2294
1347,18.14 ,91.21 ,44.37 ,32,18.21 ,9.29 ,40.48 ,18.91 ,34,9.26 ,0.33 ,0.38 ,0.34 ,29,0.0112,0.2451
1348,14.13 ,84.85 ,46.66 ,28,20.33 ,8.21 ,40.52 ,19.08 ,34,9.00 ,0.32 ,0.40 ,0.34 ,28,0.0142,0.2545
1349,13.74 ,86.86 ,47.88 ,52,15.25 ,9.45 ,45.23 ,18.12 ,40,8.19 ,0.33 ,0.36 ,0.34 ,24,0.0098,0.2625
1350,15.80 ,83.49 ,47.44 ,36,14.21 ,10.02 ,47.10 ,21.17 ,46,9.05 ,0.33 ,0.37 ,0.34 ,19,0.0109,0.3156
1351,23.09 ,95.53 ,42.56 ,33,15.84 ,6.83 ,45.39 ,20.15 ,38,8.94 ,0.33 ,0.43 ,0.35 ,24,0.0217,0.1035
1352,20.16 ,97.37 ,47.85 ,29,20.59 ,4.54 ,40.12 ,20.62 ,32,9.99 ,0.33 ,0.40 ,0.35 ,28,0.0161,0.3255
1353,18.62 ,83.34 ,45.55 ,43,16.47 ,3.48 ,44.62 ,20.26 ,34,10.00 ,0.34 ,0.38 ,0.35 ,22,0.0099,0.2704
1354,16.93 ,86.21 ,46.42 ,42,14.95 ,5.08 ,50.03 ,20.56 ,38,8.23 ,0.34 ,0.41 ,0.36 ,18,0.0183,0.2882
1357,23.51 ,84.87 ,49.13 ,27,16.53 ,2.71 ,41.10 ,21.84 ,35,9.54 ,0.33 ,0.40 ,0.35 ,20,0.0158,0.2573
1358,22.63 ,87.56 ,44.53 ,53,14.64 ,1.62 ,44.27 ,21.50 ,38,11.36 ,0.33 ,0.41 ,0.36 ,19,0.0229,0.3157
1359,22.68 ,92.60 ,44.77 ,38,15.97 ,10.04 ,50.46 ,22.76 ,38,9.34 ,0.33 ,0.38 ,0.34 ,26,0.0141,0.278
1360,17.22 ,93.17 ,44.75 ,32,19.83 ,7.95 ,47.77 ,22.52 ,45,8.17 ,0.33 ,0.40 ,0.35 ,27,0.0134,0.2487
1361,23.87 ,92.22 ,47.65 ,32,18.16 ,5.42 ,41.40 ,23.03 ,37,10.28 ,0.31 ,0.39 ,0.35 ,17,0.0172,0.2093
1362,25.00 ,80.14 ,44.87 ,43,13.79 ,2.95 ,45.94 ,23.60 ,36,11.00 ,0.33 ,0.38 ,0.36 ,17,0.015,0.0036
1363,25.35 ,88.48 ,45.69 ,43,14.71 ,2.74 ,52.22 ,22.72 ,41,11.16 ,0.28 ,0.37 ,0.34 ,23,0.0181,0.2006
1364,16.78 ,90.89 ,43.96 ,33,17.06 ,6.14 ,48.00 ,23.20 ,30,10.64 ,0.32 ,0.37 ,0.34 ,28,0.0101,0.1838
1365,10.52 ,88.53 ,44.72 ,30,21.21 ,7.93 ,40.25 ,22.53 ,46,9.45 ,0.33 ,0.36 ,0.34 ,16,0.0116,0.2576
1366,23.67 ,87.63 ,45.56 ,38,17.08 ,2.83 ,45.29 ,23.02 ,39,11.10 ,0.33 ,0.37 ,0.35 ,17,0.0156,0.2546
1369,9.36 ,83.75 ,44.02 ,33,18.00 ,5.06 ,55.32 ,23.40 ,27,12.58 ,0.30 ,0.36 ,0.34 ,17,0.0157,0.2251
1370,10.34 ,87.65 ,43.47 ,32,19.99 ,2.95 ,48.20 ,24.63 ,47,11.65 ,0.31 ,0.37 ,0.34 ,14,0.0158,0.3166
1371,19.02 ,86.22 ,42.60 ,48,15.99 ,1.20 ,49.72 ,22.01 ,43,11.78 ,0.29 ,0.37 ,0.34 ,21,0.0191,0.3665
1372,14.65 ,81.38 ,44.50 ,41,14.92 ,4.40 ,48.71 ,23.58 ,37,12.55 ,0.32 ,0.36 ,0.34 ,26,0.013,0.2897
1373,9.43 ,73.94 ,46.29 ,33,15.43 ,5.25 ,61.39 ,25.35 ,41,12.65 ,0.32 ,0.37 ,0.35 ,16,0.0122,0.321
1374,9.66 ,83.58 ,40.14 ,32,19.11 ,4.40 ,62.71 ,26.69 ,31,15.51 ,0.31 ,0.38 ,0.34 ,16,0.0189,0.2655
1375,9.65 ,88.05 ,40.94 ,42,18.07 ,2.12 ,51.60 ,25.53 ,45,13.28 ,0.33 ,0.38 ,0.34 ,19,0.017,0.3057
1376,12.51 ,91.45 ,42.86 ,43,16.44 ,2.71 ,48.76 ,22.42 ,41,13.22 ,0.32 ,0.37 ,0.34 ,23,0.0143,0.2323
1382,1.55 ,92.36 ,47.61 ,35,18.47 ,7.03 ,64.89 ,23.72 ,44,13.95 ,0.31 ,0.38 ,0.35 ,13,0.0217,0.237
1383,1.23 ,75.69 ,44.81 ,32,18.54 ,6.27 ,64.46 ,25.63 ,34,15.52 ,0.29 ,0.38 ,0.33 ,20,0.0208,0.2761
1384,2.36 ,78.94 ,41.87 ,46,15.80 ,5.01 ,80.87 ,26.79 ,34,19.05 ,0.31 ,0.37 ,0.34 ,19,0.017,0.2874
1385,3.50 ,85.84 ,44.51 ,42,17.18 ,1.04 ,58.15 ,29.03 ,48,15.78 ,0.30 ,0.37 ,0.34 ,18,0.0177,0.2597
1386,10.88 ,90.49 ,45.80 ,35,16.42 ,2.35 ,74.84 ,24.49 ,41,15.43 ,0.31 ,0.38 ,0.34 ,15,0.0198,0.2945
1387,7.80 ,88.49 ,49.53 ,35,18.51 ,5.56 ,69.61 ,23.21 ,41,12.36 ,0.30 ,0.38 ,0.34 ,18,0.0252,0.286
1388,8.77 ,86.67 ,46.16 ,31,17.97 ,8.58 ,69.55 ,25.60 ,36,15.66 ,0.32 ,0.37 ,0.35 ,19,0.0149,0.2399
1389,5.83 ,85.10 ,46.52 ,55,16.18 ,4.15 ,84.77 ,24.50 ,34,18.91 ,0.31 ,0.38 ,0.35 ,18,0.0192,0.2103
1390,7.12 ,78.48 ,47.78 ,39,17.02 ,2.67 ,65.87 ,29.39 ,45,15.73 ,0.30 ,0.39 ,0.34 ,17,0.0247,0.2107
1391,16.13 ,90.35 ,50.75 ,31,18.48 ,4.69 ,81.37 ,25.00 ,49,14.86 ,0.29 ,0.39 ,0.33 ,12,0.0335,0.2397
1392,16.88 ,104.25 ,51.79 ,32,20.47 ,7.37 ,67.25 ,23.19 ,34,10.96 ,0.30 ,0.38 ,0.35 ,22,0.0194,0.2461
1393,12.85 ,103.92 ,48.66 ,51,16.64 ,4.67 ,84.49 ,26.80 ,36,18.34 ,0.27 ,0.38 ,0.34 ,21,0.0264,0.2661
1395,9.86 ,93.16 ,49.75 ,39,19.34 ,4.10 ,84.43 ,28.74 ,51,16.84 ,0.28 ,0.37 ,0.33 ,13,0.0295,0.2274
1396,19.72 ,116.64 ,53.38 ,32,21.90 ,6.24 ,75.10 ,25.68 ,44,14.17 ,0.31 ,0.39 ,0.36 ,22,0.0195,0.2708
1397,23.73 ,124.07 ,49.45 ,29,21.20 ,6.98 ,83.63 ,26.56 ,34,16.10 ,0.27 ,0.38 ,0.35 ,21,0.0299,0.1951
1399,7.43 ,107.12 ,49.00 ,38,20.55 ,6.25 ,82.86 ,26.83 ,37,18.01 ,0.29 ,0.39 ,0.34 ,15,0.0331,0.2642
1400,9.04 ,105.65 ,49.71 ,33,21.91 ,6.60 ,84.06 ,30.61 ,57,18.06 ,0.31 ,0.39 ,0.36 ,19,0.0206,0.27
1401,18.28 ,135.75 ,53.03 ,35,26.22 ,8.09 ,59.56 ,22.87 ,41,10.56 ,0.30 ,0.38 ,0.35 ,21,0.0283,0.3079
1402,20.82 ,133.31 ,51.47 ,47,18.14 ,9.02 ,86.64 ,28.13 ,33,19.26 ,0.30 ,0.39 ,0.35 ,16,0.0343,0.2977
1403,8.84 ,125.41 ,49.60 ,45,21.38 ,9.76 ,88.57 ,27.15 ,37,17.48 ,0.31 ,0.39 ,0.35 ,15,0.0298,0.2843
1404,6.08 ,116.79 ,48.42 ,34,25.03 ,9.15 ,80.34 ,25.43 ,37,17.00 ,0.31 ,0.39 ,0.36 ,23,0.023,0.2656
1405,9.05 ,139.02 ,50.27 ,33,26.84 ,9.11 ,88.35 ,29.07 ,56,16.54 ,0.31 ,0.38 ,0.35 ,19,0.0266,0.2808
1406,23.24 ,145.62 ,49.75 ,36,23.26 ,9.07 ,86.87 ,24.86 ,37,15.67 ,0.32 ,0.39 ,0.36 ,14,0.0287,0.2414
1407,13.91 ,142.72 ,55.78 ,56,23.15 ,8.85 ,86.20 ,25.36 ,40,16.51 ,0.32 ,0.40 ,0.36 ,16,0.0246,0.2732
1408,8.19 ,124.87 ,47.14 ,33,22.67 ,8.12 ,91.90 ,29.63 ,35,19.87 ,0.32 ,0.39 ,0.37 ,26,0.0196,0.2728
1409,5.97 ,114.98 ,48.11 ,39,27.00 ,9.53 ,78.50 ,29.85 ,44,19.36 ,0.32 ,0.39 ,0.36 ,19,0.0243,0.2921
1410,14.70 ,146.10 ,50.37 ,32,29.55 ,8.65 ,93.61 ,27.09 ,44,16.81 ,0.32 ,0.40 ,0.36 ,15,0.0275,0.301
1411,15.02 ,146.08 ,56.24 ,49,22.10 ,7.16 ,92.48 ,26.84 ,42,19.09 ,0.33 ,0.40 ,0.37 ,13,0.0222,0.2872
1412,8.85 ,138.31 ,53.96 ,44,26.43 ,5.61 ,90.53 ,28.00 ,42,19.94 ,0.32 ,0.39 ,0.37 ,27,0.0163,0.3315
1413,-1.25 ,123.92 ,44.94 ,36,25.08 ,6.52 ,64.05 ,26.23 ,40,17.07 ,0.32 ,0.41 ,0.36 ,18,0.0248,0.2965
1415,10.47 ,143.94 ,52.61 ,37,27.54 ,7.76 ,78.74 ,26.19 ,44,15.96 ,0.33 ,0.40 ,0.37 ,13,0.0201,0.2582
1416,13.86 ,147.69 ,58.54 ,52,26.80 ,5.13 ,95.89 ,24.87 ,41,18.28 ,0.33 ,0.43 ,0.37 ,26,0.0213,0.2657
1417,-0.44 ,136.48 ,50.58 ,38,23.97 ,4.55 ,93.71 ,28.06 ,40,21.22 ,0.33 ,0.41 ,0.37 ,22,0.0232,0.2426
1418,-3.97 ,131.93 ,48.59 ,38,29.39 ,5.76 ,88.99 ,29.38 ,40,19.76 ,0.33 ,0.41 ,0.37 ,14,0.0256,0.2677
1420,7.77 ,133.87 ,58.51 ,54,25.55 ,6.97 ,95.56 ,26.20 ,45,16.01 ,0.33 ,0.40 ,0.37 ,25,0.0168,0
1421,8.93 ,135.37 ,53.38 ,40,28.70 ,3.66 ,96.15 ,26.53 ,43,19.49 ,0.34 ,0.39 ,0.37 ,21,0.0212,0
1422,-2.31 ,131.57 ,47.77 ,36,23.37 ,1.38 ,65.93 ,25.61 ,46,16.14 ,0.30 ,0.40 ,0.37 ,14,0.0266,0
1423,-3.99 ,133.98 ,49.16 ,35,31.19 ,7.97 ,92.42 ,29.76 ,44,19.64 ,0.32 ,0.41 ,0.37 ,16,0.0214,0
1424,0.96 ,130.03 ,52.06 ,42,26.41 ,7.02 ,83.48 ,24.30 ,33,16.72 ,0.31 ,0.40 ,0.37 ,23,0.0201,0.2003
1425,11.20 ,120.55 ,58.09 ,48,27.22 ,7.46 ,94.59 ,27.95 ,47,16.82 ,0.32 ,0.39 ,0.37 ,21,0.0233,0
1426,8.20 ,119.83 ,48.32 ,39,25.00 ,1.86 ,100.00 ,25.87 ,45,18.49 ,0.32 ,0.39 ,0.36 ,17,0.0201,0.2503
1427,-2.41 ,131.91 ,49.74 ,35,28.76 ,7.53 ,97.18 ,27.33 ,40,19.59 ,0.30 ,0.41 ,0.38 ,16,0.0274,0
1428,-4.24 ,138.36 ,43.51 ,36,27.85 ,7.54 ,84.76 ,26.64 ,38,15.92 ,0.34 ,0.41 ,0.38 ,21,0.0184,0
1429,2.16 ,136.18 ,59.43 ,53,27.56 ,6.65 ,100.27 ,23.02 ,37,17.56 ,0.34 ,0.39 ,0.37 ,21,0.0184,0
1430,13.17 ,113.56 ,50.38 ,40,26.05 ,6.64 ,109.49 ,29.58 ,47,20.19 ,0.34 ,0.40 ,0.37 ,18,0.0196,0
1431,7.13 ,114.47 ,46.24 ,39,25.48 ,6.69 ,54.97 ,22.52 ,46,12.80 ,0.35 ,0.41 ,0.39 ,16,0.02,0
1432,-3.81 ,137.77 ,44.82 ,35,31.69 ,7.46 ,104.99 ,26.37 ,49,19.07 ,0.35 ,0.41 ,0.38 ,23,0.019,0.2274
1433,-2.02 ,137.48 ,55.12 ,43,28.06 ,6.95 ,116.53 ,24.71 ,38,22.59 ,0.34 ,0.42 ,0.38 ,22,0.0213,0
1434,4.72 ,129.20 ,52.66 ,47,26.47 ,4.70 ,98.96 ,23.29 ,33,19.14 ,0.35 ,0.43 ,0.38 ,18,0.0201,0
1435,11.00 ,105.85 ,47.22 ,39,24.78 ,4.73 ,123.46 ,28.59 ,49,20.90 ,0.35 ,0.44 ,0.39 ,15,0.0254,0
1443,4.61 ,138.34 ,50.62 ,44,28.14 ,2.58 ,117.24 ,20.51 ,34,20.97 ,0.33 ,0.41 ,0.38 ,18,0.0238,0
1444,6.71 ,125.89 ,48.76 ,41,25.40 ,4.78 ,134.82 ,23.47 ,37,23.79 ,0.32 ,0.41 ,0.37 ,20,0.0258,0
1468,12.09 ,133.67 ,52.46 ,36,28.21 ,0.71 ,57.19 ,26.05 ,48,14.42 ,0.38 ,0.46 ,0.40 ,18,0.0171,0.3117
1469,12.81 ,129.18 ,48.98 ,49,22.89 ,2.15 ,40.92 ,22.69 ,33,12.61 ,0.37 ,0.42 ,0.40 ,21,0.0111,0.3356
1470,15.96 ,106.13 ,54.05 ,48,23.86 ,4.74 ,126.27 ,37.96 ,55,32.07 ,0.37 ,0.42 ,0.40 ,24,0.0171,0.2739
1474,18.83 ,111.76 ,50.47 ,54,21.31 ,2.43 ,46.94 ,21.77 ,37,12.98 ,0.38 ,0.42 ,0.40 ,21,0.0149,0.0942
1475,19.46 ,99.39 ,51.07 ,47,19.71 ,3.27 ,132.39 ,40.16 ,54,35.71 ,0.38 ,0.42 ,0.40 ,18,0.0142,0.275
1476,20.62 ,103.49 ,52.59 ,37,23.35 ,3.98 ,90.65 ,29.81 ,42,20.71 ,0.38 ,0.42 ,0.40 ,19,0.011,0.2569
1477,21.88 ,108.81 ,50.54 ,37,23.01 ,4.82 ,63.68 ,27.82 ,53,16.42 ,0.38 ,0.42 ,0.40 ,24,0.0121,0.236
1478,22.91 ,114.44 ,51.31 ,43,20.60 ,2.15 ,52.50 ,23.62 ,34,15.87 ,0.38 ,0.42 ,0.40 ,25,0.0139,0.2428
1479,22.27 ,99.65 ,49.13 ,53,16.06 ,0.94 ,73.11 ,25.70 ,38,17.53 ,0.38 ,0.42 ,0.39 ,18,0.0138,0.2137
1480,23.31 ,87.09 ,50.86 ,40,19.33 ,1.46 ,123.95 ,39.06 ,54,34.49 ,0.37 ,0.42 ,0.39 ,15,0.0131,0.2547
1481,22.93 ,100.07 ,53.00 ,40,22.52 ,1.91 ,81.67 ,27.42 ,51,18.96 ,0.38 ,0.42 ,0.40 ,26,0.0122,0.0368
1482,24.25 ,107.67 ,49.48 ,37,19.22 ,2.41 ,62.25 ,26.74 ,44,18.41 ,0.38 ,0.42 ,0.40 ,22,0.0159,0.0842
1483,25.46 ,107.55 ,51.23 ,48,15.68 ,3.60 ,63.56 ,25.73 ,33,17.56 ,0.38 ,0.42 ,0.39 ,20,0.0147,0.2726
1492,25.37 ,85.68 ,56.86 ,50,14.87 ,1.01 ,68.15 ,23.30 ,43,17.73 ,0.38 ,0.42 ,0.40 ,15,0.0138,0.1606
1493,22.72 ,92.17 ,52.94 ,48,16.41 ,1.52 ,64.03 ,21.53 ,41,15.59 ,0.38 ,0.42 ,0.40 ,25,0.0122,0.1514
1494,23.36 ,103.29 ,53.99 ,41,19.14 ,1.64 ,78.44 ,23.79 ,55,17.43 ,0.38 ,0.42 ,0.40 ,21,0.0173,0.0302
1495,24.59 ,99.86 ,53.56 ,38,20.33 ,1.78 ,78.51 ,28.23 ,47,20.40 ,0.38 ,0.42 ,0.40 ,23,0.0147,0.2436
1496,24.21 ,89.28 ,55.27 ,35,17.17 ,0.59 ,59.73 ,22.13 ,42,15.96 ,0.36 ,0.42 ,0.40 ,17,0.0185,0.1949
1505,20.29 ,94.40 ,53.69 ,37,19.42 ,1.13 ,57.51 ,22.13 ,43,15.70 ,0.39 ,0.46 ,0.42 ,20,0.0158,0.1313
1506,16.29 ,88.08 ,57.81 ,56,16.57 ,2.31 ,54.21 ,18.97 ,47,12.68 ,0.39 ,0.42 ,0.41 ,26,0.0129,0.2853
1507,9.05 ,118.09 ,59.51 ,44,24.45 ,0.85 ,53.51 ,17.21 ,49,10.55 ,0.39 ,0.45 ,0.41 ,24,0.0144,0.1946
1508,9.80 ,107.90 ,54.46 ,41,21.89 ,0.48 ,51.04 ,16.56 ,37,12.84 ,0.39 ,0.45 ,0.42 ,16,0.0161,0.2965
1509,17.61 ,89.71 ,50.41 ,38,18.39 ,0.12 ,55.26 ,24.33 ,56,17.05 ,0.39 ,0.44 ,0.42 ,19,0.0151,0.4212
1510,14.48 ,92.17 ,53.22 ,40,18.18 ,1.04 ,57.24 ,19.29 ,49,13.41 ,0.39 ,0.44 ,0.41 ,26,0.0137,0.3205
1511,13.61 ,107.06 ,59.84 ,56,19.33 ,3.13 ,59.53 ,17.03 ,46,11.28 ,0.39 ,0.44 ,0.41 ,26,0.0118,0.0599
1522,22.60 ,91.42 ,56.20 ,42,16.14 ,2.83 ,57.54 ,15.92 ,42,12.47 ,0.40 ,0.47 ,0.42 ,27,0.0159,0
1523,22.14 ,82.92 ,53.81 ,38,16.48 ,2.71 ,48.50 ,20.59 ,51,13.45 ,0.40 ,0.44 ,0.42 ,26,0.0122,0
1524,18.81 ,91.68 ,58.64 ,51,19.11 ,2.52 ,43.79 ,19.61 ,59,11.68 ,0.40 ,0.45 ,0.43 ,14,0.0175,0.2271
1525,20.29 ,111.42 ,64.19 ,47,22.38 ,1.28 ,44.92 ,15.23 ,42,12.57 ,0.41 ,0.45 ,0.43 ,19,0.0133,0.5345
1526,25.07 ,113.74 ,60.27 ,43,20.55 ,1.72 ,46.46 ,14.94 ,43,10.75 ,0.40 ,0.45 ,0.42 ,29,0.0116,0.3733
1529,17.26 ,96.07 ,62.66 ,59,19.80 ,3.00 ,50.12 ,17.00 ,47,12.42 ,0.41 ,0.45 ,0.43 ,18,0.0117,0.8336
1530,19.12 ,111.47 ,62.17 ,40,21.46 ,1.22 ,52.11 ,16.48 ,46,13.88 ,0.40 ,0.46 ,0.42 ,27,0.0143,0.8292
1531,24.90 ,104.46 ,58.81 ,46,18.50 ,0.95 ,35.26 ,16.23 ,43,10.43 ,0.40 ,0.45 ,0.43 ,28,0.0147,0.7732
1532,24.22 ,84.58 ,58.73 ,36,17.99 ,2.09 ,34.76 ,17.97 ,50,10.17 ,0.41 ,0.46 ,0.44 ,15,0.0161,0.2769
1533,23.96 ,85.11 ,56.17 ,36,16.71 ,2.75 ,50.44 ,21.10 ,52,12.74 ,0.40 ,0.46 ,0.43 ,19,0.0154,0.5955
1534,22.36 ,101.02 ,65.29 ,64,18.69 ,2.53 ,64.29 ,17.37 ,48,14.01 ,0.40 ,0.46 ,0.42 ,27,0.0164,0.7308
1541,22.99 ,88.00 ,55.33 ,43,17.38 ,1.17 ,37.65 ,17.38 ,46,10.41 ,0.38 ,0.46 ,0.43 ,19,0.0207,0.7409
1542,21.93 ,81.56 ,55.65 ,36,17.57 ,3.41 ,42.36 ,17.51 ,48,10.03 ,0.35 ,0.46 ,0.42 ,24,0.0243,0.6708
1543,25.65 ,101.78 ,67.69 ,59,19.04 ,2.96 ,76.32 ,20.53 ,56,16.12 ,0.38 ,0.45 ,0.43 ,25,0.0164,0.602
1544,26.17 ,104.28 ,60.01 ,41,20.43 ,1.21 ,88.53 ,22.34 ,51,20.26 ,0.37 ,0.45 ,0.43 ,23,0.0222,0.3623
1545,20.58 ,99.91 ,56.28 ,44,18.30 ,1.41 ,55.09 ,17.94 ,47,12.20 ,0.39 ,0.44 ,0.42 ,16,0.0151,0.0814
1546,16.57 ,83.39 ,55.07 ,36,15.95 ,3.40 ,40.62 ,16.25 ,40,9.97 ,0.38 ,0.44 ,0.42 ,26,0.0206,0.6812
1547,12.20 ,94.33 ,62.37 ,49,18.88 ,1.30 ,49.83 ,20.44 ,58,12.73 ,0.38 ,0.45 ,0.43 ,25,0.0158,0.5696
1548,4.73 ,105.66 ,59.55 ,52,22.82 ,0.42 ,93.14 ,21.33 ,54,19.42 ,0.40 ,0.46 ,0.44 ,22,0.0129,0.4832
1550,23.50 ,95.41 ,55.10 ,38,16.07 ,2.24 ,46.32 ,17.08 ,41,11.78 ,0.39 ,0.48 ,0.42 ,28,0.0223,0.3637
1551,16.39 ,80.41 ,55.54 ,38,14.14 ,1.28 ,43.46 ,18.45 ,40,11.84 ,0.39 ,0.49 ,0.44 ,22,0.0196,0.6736
1552,2.88 ,102.98 ,62.43 ,58,20.67 ,1.09 ,53.22 ,22.61 ,65,14.03 ,0.39 ,0.47 ,0.44 ,24,0.0196,0.5316
1553,-0.50 ,122.04 ,57.23 ,44,25.14 ,1.13 ,103.45 ,22.55 ,53,21.18 ,0.38 ,0.51 ,0.44 ,18,0.0256,0.4251
1554,-1.43 ,120.03 ,54.59 ,42,20.43 ,1.75 ,95.18 ,23.02 ,44,19.44 ,0.38 ,0.47 ,0.42 ,25,0.0254,0.548
1555,30.74 ,87.95 ,54.21 ,36,13.45 ,1.31 ,47.40 ,18.80 ,42,13.31 ,0.39 ,0.45 ,0.43 ,22,0.0182,0.4638
1556,18.50 ,85.37 ,54.55 ,39,15.40 ,0.89 ,48.82 ,22.72 ,55,14.02 ,0.39 ,0.46 ,0.44 ,27,0.0181,0.4314
1557,9.63 ,109.12 ,62.68 ,62,20.39 ,1.72 ,78.89 ,23.27 ,60,14.76 ,0.38 ,0.46 ,0.42 ,16,0.0265,0.3791
1558,0.15 ,133.15 ,55.78 ,45,26.88 ,2.32 ,108.52 ,23.78 ,45,25.01 ,0.38 ,0.45 ,0.42 ,22,0.0213,0.167
1559,-0.22 ,115.11 ,53.66 ,38,17.72 ,1.99 ,87.86 ,22.09 ,48,18.98 ,0.38 ,0.45 ,0.43 ,25,0.0222,0.2218
1560,2.44 ,83.87 ,54.50 ,38,16.35 ,2.73 ,53.78 ,22.44 ,45,15.10 ,0.38 ,0.45 ,0.44 ,26,0.0171,0.2068
1561,6.53 ,91.87 ,60.89 ,54,19.27 ,4.10 ,50.82 ,23.66 ,63,13.23 ,0.38 ,0.45 ,0.43 ,18,0.0167,0.205
1562,15.86 ,110.10 ,55.93 ,50,20.07 ,2.43 ,109.32 ,25.02 ,47,23.71 ,0.38 ,0.45 ,0.42 ,19,0.0235,0.1686
1563,11.48 ,131.97 ,57.57 ,41,23.59 ,4.02 ,104.34 ,24.04 ,46,22.91 ,0.38 ,0.45 ,0.43 ,25,0.0216,0.1633
1564,8.95 ,116.85 ,55.09 ,38,18.59 ,3.16 ,69.41 ,24.00 ,46,17.27 ,0.37 ,0.45 ,0.44 ,27,0.0171,0.342
1565,8.07 ,80.43 ,52.26 ,40,16.41 ,3.30 ,57.32 ,21.50 ,53,14.45 ,0.38 ,0.45 ,0.42 ,20,0.022,0.2468
1566,14.79 ,96.89 ,62.98 ,57,20.11 ,4.03 ,61.19 ,23.89 ,58,16.28 ,0.38 ,0.45 ,0.42 ,15,0.0253,0.2505
1568,20.68 ,124.53 ,59.69 ,38,22.59 ,4.76 ,88.25 ,25.57 ,45,20.82 ,0.36 ,0.45 ,0.43 ,27,0.0216,0.1833
1569,14.97 ,102.89 ,55.32 ,38,17.67 ,5.08 ,65.04 ,23.29 ,56,15.64 ,0.38 ,0.45 ,0.43 ,19,0.0223,0.075
1570,14.22 ,94.82 ,60.25 ,48,20.82 ,4.58 ,71.13 ,24.74 ,51,17.41 ,0.38 ,0.45 ,0.41 ,20,0.028,0.0139
1571,16.33 ,94.52 ,60.93 ,56,20.60 ,2.87 ,86.49 ,24.53 ,56,21.77 ,0.39 ,0.47 ,0.44 ,25,0.0181,0.2077
1572,19.93 ,97.90 ,57.63 ,44,20.42 ,3.10 ,89.23 ,26.03 ,44,23.00 ,0.38 ,0.46 ,0.44 ,28,0.0163,0.2575
1573,22.48 ,115.04 ,59.49 ,39,21.60 ,2.96 ,86.96 ,26.23 ,55,20.58 ,0.38 ,0.46 ,0.43 ,16,0.0241,0.2147
1574,17.71 ,101.62 ,56.16 ,35,20.08 ,2.25 ,70.27 ,24.39 ,44,19.38 ,0.37 ,0.45 ,0.41 ,20,0.0313,0.17
1575,16.27 ,98.51 ,63.99 ,57,23.17 ,0.54 ,88.82 ,24.20 ,59,19.03 ,0.40 ,0.45 ,0.44 ,25,0.0152,0.262
1576,16.64 ,96.23 ,62.84 ,48,22.98 ,3.26 ,107.86 ,28.93 ,49,25.16 ,0.38 ,0.46 ,0.44 ,30,0.0182,0.244
1577,20.86 ,96.75 ,60.19 ,43,19.83 ,3.59 ,110.91 ,25.45 ,54,20.76 ,0.37 ,0.45 ,0.43 ,15,0.0233,0.2293
1578,20.60 ,113.78 ,57.58 ,39,22.36 ,2.36 ,108.10 ,27.21 ,44,23.79 ,0.37 ,0.46 ,0.41 ,20,0.0301,0.3274
1579,16.15 ,115.51 ,59.14 ,44,26.26 ,1.39 ,92.41 ,23.79 ,44,23.10 ,0.38 ,0.46 ,0.44 ,25,0.0174,0.2663
1580,13.35 ,112.32 ,65.27 ,56,23.86 ,3.41 ,96.73 ,25.25 ,65,20.37 ,0.39 ,0.46 ,0.44 ,27,0.0164,0.3117
1581,15.11 ,96.04 ,63.38 ,40,22.34 ,3.15 ,106.34 ,25.16 ,52,20.93 ,0.36 ,0.46 ,0.43 ,15,0.0248,0.1088
1582,16.73 ,93.62 ,58.25 ,41,20.44 ,3.05 ,114.18 ,27.02 ,48,23.40 ,0.36 ,0.46 ,0.41 ,21,0.0353,0.0869
1585,9.57 ,108.58 ,63.36 ,51,24.40 ,3.73 ,92.25 ,23.25 ,58,20.48 ,0.41 ,0.46 ,0.43 ,14,0.0187,0.0646
1586,9.69 ,103.31 ,60.98 ,40,22.68 ,3.73 ,99.56 ,24.61 ,51,18.80 ,0.35 ,0.46 ,0.41 ,21,0.0368,0.2309
1587,11.70 ,103.18 ,57.62 ,38,24.31 ,2.73 ,103.11 ,24.23 ,42,23.00 ,0.36 ,0.46 ,0.43 ,27,0.0221,0.1748
1588,12.05 ,109.15 ,60.71 ,41,23.45 ,1.58 ,97.94 ,24.04 ,46,22.07 ,0.35 ,0.46 ,0.43 ,26,0.0229,0.2652
1589,10.52 ,112.12 ,65.36 ,58,21.46 ,1.06 ,86.52 ,22.89 ,65,17.97 ,0.35 ,0.46 ,0.42 ,19,0.0283,0.1669
1590,10.91 ,105.89 ,61.78 ,46,24.95 ,4.12 ,84.98 ,22.43 ,57,18.35 ,0.35 ,0.46 ,0.41 ,16,0.041,0.1437
1591,8.91 ,114.88 ,58.89 ,40,25.94 ,4.78 ,87.98 ,22.36 ,44,18.32 ,0.35 ,0.46 ,0.43 ,28,0.0312,0.0753
1592,8.10 ,113.87 ,59.04 ,34,27.64 ,4.41 ,84.81 ,22.11 ,46,18.43 ,0.30 ,0.45 ,0.43 ,25,0.034,0
1593,8.10 ,112.33 ,62.56 ,54,20.93 ,3.20 ,71.41 ,20.18 ,52,15.93 ,0.34 ,0.46 ,0.42 ,19,0.0362,0
1594,6.93 ,110.61 ,64.35 ,53,23.19 ,0.74 ,70.66 ,22.32 ,67,16.19 ,0.31 ,0.46 ,0.40 ,18,0.0526,0
1595,6.05 ,109.79 ,59.47 ,39,26.47 ,1.38 ,76.05 ,20.62 ,45,19.40 ,0.33 ,0.46 ,0.43 ,28,0.0283,0
1596,10.81 ,121.89 ,61.60 ,40,27.53 ,3.86 ,68.25 ,19.99 ,45,14.95 ,0.32 ,0.46 ,0.43 ,24,0.0318,0
1597,10.17 ,125.33 ,61.52 ,43,28.54 ,4.38 ,57.62 ,19.21 ,46,13.48 ,0.30 ,0.46 ,0.41 ,20,0.0405,0
1598,7.22 ,122.88 ,63.28 ,59,21.27 ,2.83 ,62.16 ,21.29 ,68,13.30 ,0.34 ,0.46 ,0.41 ,17,0.046,0
1599,2.80 ,114.94 ,60.98 ,48,26.03 ,0.59 ,74.30 ,20.99 ,52,18.68 ,0.37 ,0.46 ,0.44 ,28,0.0244,0